SKU,Product,Status,Since,A replacement may exist
MY000217,Compatible Canon 045BK Black Toner Cartridge (1242C002),Will be set to sold out when you Apply,,
MY000223,Compatible Canon 045M Magenta Toner Cartridge (1240C002),Will be set to sold out when you Apply,,
MY000224,Compatible Canon 045Y Yellow Toner Cartridge (1239C002),Will be set to sold out when you Apply,,
MY000397,Compatible Dell KNRMF Black Toner Cartridge (593-BBMM),Will be set to sold out when you Apply,,
MY000410,Compatible Epson S050523 High Capacity Black Toner Cartridge (C13S050523),Will be set to sold out when you Apply,,
MY000832,Compatible Kyocera TK-570M Magenta Toner Cartridge (1T02HGBEU0),Will be set to sold out when you Apply,,
MY000844,Compatible Kyocera TK-715 Black Toner Cartridge (1T02GR0EU0),Will be set to sold out when you Apply,,
MY000977,Compatible Xerox 106R02598 Black Toner Cartridge,Will be set to sold out when you Apply,,
MY001060,Remanufactured OKI 43865723 Cyan Toner Cartridge,Will be set to sold out when you Apply,,
